Codes,Site Name,Depot
80001,S & S PETROL STATION,Gatti
80001,S & S PETROL STATION,Machikey
80001,S & S PETROL STATION,Mehmoodkot
80002,AL ROOHANI FILLING STATION,Gatti
80002,AL ROOHANI FILLING STATION,Machikey
80002,AL ROOHANI FILLING STATION,Mehmoodkot
80003,A-1 FILLING STATION,Kemari
80003,A-1 FILLING STATION,Refinery
80003,A-1 FILLING STATION,Port Qasim
80005,HAFEEZ FILLING STATION,Gatti
80005,HAFEEZ FILLING STATION,Machikey
80005,HAFEEZ FILLING STATION,Mehmoodkot
80006,MUSLIM FILLING STATION,Vihari
80006,MUSLIM FILLING STATION,Mehmoodkot
80011,NAVEED PETROLEUM,Gatti
80011,NAVEED PETROLEUM,Machikey
80011,NAVEED PETROLEUM,Mehmoodkot
80016,AKHTER FILLING STATION,Sihala
80017,NAWAZ FILLING STATION,Shikarpur
80017,NAWAZ FILLING STATION,Dolatpur
80017,NAWAZ FILLING STATION,Mehmoodkot
80018,BEST GAS,Sihala
80019,SAYYED PETROLEUM,Taru jabba
80020,MUZZAFFAR GASWAYS,Sihala
80021,MOON FILLING STATION,Kemari
80021,MOON FILLING STATION,Refinery
80021,MOON FILLING STATION,Port Qasim
80022,GAS N TRADE FILLING STATION,Kemari
80022,GAS N TRADE FILLING STATION,Refinery
80022,GAS N TRADE FILLING STATION,Port Qasim
80023,ABUL KHAIR FILLING STATION,Gatti
80023,ABUL KHAIR FILLING STATION,Machikey
80023,ABUL KHAIR FILLING STATION,Mehmoodkot
80024,CITY FILLING STATION,Taru jabba
80026,AGHA FILLING STATION,Shikarpur
80026,AGHA FILLING STATION,Dolatpur
80026,AGHA FILLING STATION,Mehmoodkot
80031,TAJ 5 PETROLEUM SERVICES,Mehmoodkot
80031,TAJ 5 PETROLEUM SERVICES,Parco
80036,AL MADINA FILLING STATION,Sihala
80041,SAIF ASNAN FILLING STATION,Gatti
80041,SAIF ASNAN FILLING STATION,Machikey
80041,SAIF ASNAN FILLING STATION,Mehmoodkot
80046,BISMILLAH PETROLEUM,Shikarpur
80046,BISMILLAH PETROLEUM,Dolatpur
80046,BISMILLAH PETROLEUM,Mehmoodkot
80051,USMAN FILLING STATION,Machikey
80051,USMAN FILLING STATION,Chakpirana
80056,MEHAK FILLING STATION,Shikarpur
80056,MEHAK FILLING STATION,Dolatpur
80056,MEHAK FILLING STATION,Mehmoodkot
80057,ALEEM AMAAN FILLING STATION,Vihari
80057,ALEEM AMAAN FILLING STATION,Mehmoodkot
80058,AL NAWAB FILLING STATION,Shikarpur
80058,AL NAWAB FILLING STATION,Dolatpur
80058,AL NAWAB FILLING STATION,Mehmoodkot
80059,MUHAMMAD KHAN & CO. FILLING STATION,Mehmoodkot
80059,MUHAMMAD KHAN & CO. FILLING STATION,Parco
80060,SPEED WAYS FILLING STATION,Machikey
80060,SPEED WAYS FILLING STATION,Chakpirana
80061,GHAKOCH FILLING STATION,Jaglot
80063,NAICH FILLING STATION,Gatti
80063,NAICH FILLING STATION,Machikey
80063,NAICH FILLING STATION,Mehmoodkot
80065,AL HAIREBYAR FILLING STATION,Shikarpur
80065,AL HAIREBYAR FILLING STATION,Dolatpur
80065,AL HAIREBYAR FILLING STATION,Mehmoodkot
80066,MEHRAN PETROLEUM & CNG STATION,Kemari
80066,MEHRAN PETROLEUM & CNG STATION,Refinery
80066,MEHRAN PETROLEUM & CNG STATION,Port Qasim
80067,NAGYAL FILLING STATION,Sihala
80071,IQBAL FILLING STATION,Chakpirana
80071,IQBAL FILLING STATION,Machikey
80076,NAFEES FILLING STATION,Kemari
80076,NAFEES FILLING STATION,Refinery
80076,NAFEES FILLING STATION,Port Qasim
80091,FAUJI PETROLEUM SERVICES,Shikarpur
80091,FAUJI PETROLEUM SERVICES,Dolatpur
80091,FAUJI PETROLEUM SERVICES,Mehmoodkot
80101,COAST GUARD FILLING STATION,Kemari
80101,COAST GUARD FILLING STATION,Refinery
80101,COAST GUARD FILLING STATION,Port Qasim
80102,AZMAT FILLING STATION,Chakpirana
80102,AZMAT FILLING STATION,Machikey
80103,TAYYABA FILLING STATION,Vihari
80103,TAYYABA FILLING STATION,Mehmoodkot
80104,ALUANA PETROLEUM,Chakpirana
80104,ALUANA PETROLEUM,Machikey
80106,AL WAHEED PETROELUM SERVICE,Sahiwal
80107,SHAH PETROLEUM SERVICES,Taru jabba
80108,KASHAN FILLING STATION,Gatti
80108,KASHAN FILLING STATION,Machikey
80108,KASHAN FILLING STATION,Mehmoodkot
80109,RAHIM FILLING STATION,Shikarpur
80109,RAHIM FILLING STATION,Dolatpur
80109,RAHIM FILLING STATION,Mehmoodkot
80110,MIAN AHMED FILLING STATION,Gatti
80110,MIAN AHMED FILLING STATION,Machikey
80110,MIAN AHMED FILLING STATION,Mehmoodkot
80111,AL QURAISH FILLING STATION,Mehmoodkot
80111,AL QURAISH FILLING STATION,Parco
80112,AL FAISAL FILLING STATION,Shikarpur
80112,AL FAISAL FILLING STATION,Dolatpur
80112,AL FAISAL FILLING STATION,Mehmoodkot
80113,LARKANA PETROLEUM SERVICE,Shikarpur
80113,LARKANA PETROLEUM SERVICE,Dolatpur
80113,LARKANA PETROLEUM SERVICE,Mehmoodkot
80115,JAMAL OIL FILLING STATION,Vihari
80115,JAMAL OIL FILLING STATION,Mehmoodkot
80116,AL REHMAN PETROLEUM,Gatti
80116,AL REHMAN PETROLEUM,Machikey
80116,AL REHMAN PETROLEUM,Mehmoodkot
80121,JAMALI FILLING STATION,Shikarpur
80121,JAMALI FILLING STATION,Dolatpur
80121,JAMALI FILLING STATION,Mehmoodkot
80122,NISHAT FILLING STATION,Kemari
80122,NISHAT FILLING STATION,Refinery
80122,NISHAT FILLING STATION,Port Qasim
80123,LAR PETROLEUM SERVICE,Mehmoodkot
80123,LAR PETROLEUM SERVICE,Parco
80124,POLYAKA FILLING STATION,Sahiwal
80125,ZOHAIB FILLING STATION,Shikarpur
80125,ZOHAIB FILLING STATION,Dolatpur
80125,ZOHAIB FILLING STATION,Mehmoodkot
80126,GULSHAN-E-MADINA FILLING STATION,Kemari
80126,GULSHAN-E-MADINA FILLING STATION,Refinery
80126,GULSHAN-E-MADINA FILLING STATION,Port Qasim
80127,BARYAR FILLING STATION,Gatti
80127,BARYAR FILLING STATION,Machikey
80127,BARYAR FILLING STATION,Mehmoodkot
80128,REHMAN NABEEL FILLING STATION,Gatti
80128,REHMAN NABEEL FILLING STATION,Machikey
80128,REHMAN NABEEL FILLING STATION,Mehmoodkot
80129,SIKANDER FILLING STATION,Shikarpur
80129,SIKANDER FILLING STATION,Dolatpur
80129,SIKANDER FILLING STATION,Mehmoodkot
80130,KARMAAL FILLING STATION,Chakpirana
80130,KARMAAL FILLING STATION,Machikey
80131,ALI PETROLEUM SERVICE,Shikarpur
80131,ALI PETROLEUM SERVICE,Dolatpur
80131,ALI PETROLEUM SERVICE,Mehmoodkot
80132,ASGHAR ALI FILLING STATION,Kemari
80132,ASGHAR ALI FILLING STATION,Refinery
80132,ASGHAR ALI FILLING STATION,Port Qasim
80133,HAMZA FILLING STATION,Kemari
80133,HAMZA FILLING STATION,Refinery
80133,HAMZA FILLING STATION,Port Qasim
80136,AL-FATEH PETROLEUM SERVICE,Gatti
80136,AL-FATEH PETROLEUM SERVICE,Machikey
80136,AL-FATEH PETROLEUM SERVICE,Mehmoodkot
80137,JALALANI FILLING STATION,Kemari
80137,JALALANI FILLING STATION,Refinery
80137,JALALANI FILLING STATION,Port Qasim
80138,SHAHBAZ FILLING STATION,Shikarpur
80138,SHAHBAZ FILLING STATION,Dolatpur
80138,SHAHBAZ FILLING STATION,Mehmoodkot
80139,NEW MAKKAH FILLING STATION,Shikarpur
80139,NEW MAKKAH FILLING STATION,Dolatpur
80139,NEW MAKKAH FILLING STATION,Mehmoodkot
80140,WAQAS FILLING STATION,Kemari
80140,WAQAS FILLING STATION,Refinery
80140,WAQAS FILLING STATION,Port Qasim
80141,MEHAR FILLING STATION,Shikarpur
80141,MEHAR FILLING STATION,Dolatpur
80141,MEHAR FILLING STATION,Mehmoodkot
80142,TOOBA INTERNATIONAL,Sihala
80143,FARHAN FILLING STATION,Shikarpur
80143,FARHAN FILLING STATION,Dolatpur
80143,FARHAN FILLING STATION,Mehmoodkot
80144,DURUSHKHELA FILLING STATION,Taru jabba
80145,BODLA BAHAR FILLING STATION,Gatti
80145,BODLA BAHAR FILLING STATION,Machikey
80145,BODLA BAHAR FILLING STATION,Mehmoodkot
80146,BISMILLAH PETROLEUM SERVICE,Sihala
80147,GALAXY FILLING STATION,Taru jabba
80148,ARBAB FILLING STATION,Taru jabba
80149,ADIL FILLING STATION,Machikey
80149,ADIL FILLING STATION,Chakpirana
80150,HAQ BROTHERS FILLING STATION,Shikarpur
80150,HAQ BROTHERS FILLING STATION,Dolatpur
80150,HAQ BROTHERS FILLING STATION,Mehmoodkot
80151,GUL KHAN FILLING STATION,Jaglot
80152,NOORDI FILLING STATION,Sihala
80153,BILAWAL FILLING STATION,Taru jabba
80154,ABBAS FILLING STATION,Taru jabba
80155,KHAN BADSHAH FILLING STATION,Taru jabba
80156,MUNEEB CNG,Gatti
80156,MUNEEB CNG,Machikey
80156,MUNEEB CNG,Mehmoodkot
80157,TALIB TRUCKING STATION,Shikarpur
80157,TALIB TRUCKING STATION,Dolatpur
80157,TALIB TRUCKING STATION,Mehmoodkot
80158,W.M. FILLING STATION,Taru jabba
80161,KHIZAR HAYAT (ALM) FILLING STATION,Kemari
80161,KHIZAR HAYAT (ALM) FILLING STATION,Refinery
80161,KHIZAR HAYAT (ALM) FILLING STATION,Port Qasim
80162,AL-MAKKAH TRUCKING STATION,Shikarpur
80162,AL-MAKKAH TRUCKING STATION,Dolatpur
80162,AL-MAKKAH TRUCKING STATION,Mehmoodkot
80163,NEW AL-MADINA FILLING STATION,Shikarpur
80163,NEW AL-MADINA FILLING STATION,Dolatpur
80163,NEW AL-MADINA FILLING STATION,Mehmoodkot
80166,PARIS-2 FILLING STATION,Shikarpur
80166,PARIS-2 FILLING STATION,Dolatpur
80166,PARIS-2 FILLING STATION,Mehmoodkot
80171,YOUNAS PETROLEUM,Chakpirana
80171,YOUNAS PETROLEUM,Machikey
80172,AIRPORT ADIL PETROLEUM SERVICES,Gatti
80172,AIRPORT ADIL PETROLEUM SERVICES,Machikey
80172,AIRPORT ADIL PETROLEUM SERVICES,Mehmoodkot
80176,MIR PETROLEUM SERVICE,Shikarpur
80176,MIR PETROLEUM SERVICE,Dolatpur
80176,MIR PETROLEUM SERVICE,Mehmoodkot
80177,RAZA BROTHERS PETROLEUM SERVICE,Shikarpur
80177,RAZA BROTHERS PETROLEUM SERVICE,Dolatpur
80177,RAZA BROTHERS PETROLEUM SERVICE,Mehmoodkot
80178,INTER CITY FUELS,Sihala
80179,AL-ASWED PETROLEUM SERVICES,Kemari
80179,AL-ASWED PETROLEUM SERVICES,Refinery
80179,AL-ASWED PETROLEUM SERVICES,Port Qasim
80180,FALAK FILLING STATION,Shikarpur
80180,FALAK FILLING STATION,Dolatpur
80180,FALAK FILLING STATION,Mehmoodkot
80181,ITTEHAD FILLING STATION,Sahiwal
80202,AL NOOR CNG FILLING STATION,Shikarpur
80202,AL NOOR CNG FILLING STATION,Dolatpur
80202,AL NOOR CNG FILLING STATION,Mehmoodkot
80203,ZAHID FILLING STATION,Chakpirana
80203,ZAHID FILLING STATION,Machikey
80206,AAHAD BROS FILLING STATION,Chakpirana
80206,AAHAD BROS FILLING STATION,Machikey
80208,FAIZAN FILLING STATION,Sihala
80209,GNR FILLING STATION,Taru jabba
80211,SAJID FILLING STATION GAMBAT,Shikarpur
80211,SAJID FILLING STATION GAMBAT,Dolatpur
80211,SAJID FILLING STATION GAMBAT,Mehmoodkot
80212,JAVED GUL FILLING STATION,Kemari
80212,JAVED GUL FILLING STATION,Refinery
80212,JAVED GUL FILLING STATION,Port Qasim
80213,SUNNY FILLING STATION,Kemari
80213,SUNNY FILLING STATION,Refinery
80213,SUNNY FILLING STATION,Port Qasim
80215,SUPER CITY GASWAYS PETROLEUM,Gatti
80215,SUPER CITY GASWAYS PETROLEUM,Machikey
80215,SUPER CITY GASWAYS PETROLEUM,Mehmoodkot
80216,TIRMIZI BROTHERS FILLING STATION,Gatti
80216,TIRMIZI BROTHERS FILLING STATION,Machikey
80216,TIRMIZI BROTHERS FILLING STATION,Mehmoodkot
80217,AHSAN PETROLEUM SERVICES,Mehmoodkot
80217,AHSAN PETROLEUM SERVICES,Parco
80218,WAGHA CNG STATION,Machikey
80218,WAGHA CNG STATION,Chakpirana
80219,KHURAM PETROLEUM SERVICES,Gatti
80219,KHURAM PETROLEUM SERVICES,Machikey
80219,KHURAM PETROLEUM SERVICES,Mehmoodkot
80220,AL MAQSOOD PETROLEUM SERVICES,Gatti
80220,AL MAQSOOD PETROLEUM SERVICES,Machikey
80220,AL MAQSOOD PETROLEUM SERVICES,Mehmoodkot
80221,ANMOL PETROLEUM SERVICES,Machikey
80221,ANMOL PETROLEUM SERVICES,Chakpirana
80222,NASIR KHAN PETROLEUM SERVICE,Gatti
80222,NASIR KHAN PETROLEUM SERVICE,Machikey
80222,NASIR KHAN PETROLEUM SERVICE,Mehmoodkot
80223,SHAH HABIB FILLING STATION,Kemari
80223,SHAH HABIB FILLING STATION,Refinery
80223,SHAH HABIB FILLING STATION,Port Qasim
80224,YA ALI FILLING STATION,Kemari
80224,YA ALI FILLING STATION,Refinery
80224,YA ALI FILLING STATION,Port Qasim
80225,AL-HAMD FILLING STATION,Kemari
80225,AL-HAMD FILLING STATION,Refinery
80225,AL-HAMD FILLING STATION,Port Qasim
80227,SARHAD SERVICE STATION,Kemari
80227,SARHAD SERVICE STATION,Refinery
80227,SARHAD SERVICE STATION,Port Qasim
80230,ALI CNG FILLING STATION,Taru jabba
80231,SAINDAD KHAN PETROLEUM SERVICES,Shikarpur
80231,SAINDAD KHAN PETROLEUM SERVICES,Dolatpur
80231,SAINDAD KHAN PETROLEUM SERVICES,Mehmoodkot
80232,JATOI FILLING STATION,Kemari
80232,JATOI FILLING STATION,Refinery
80232,JATOI FILLING STATION,Port Qasim
80233,WALI MOHAMMAD PETROLEUM SERVICE,Kemari
80233,WALI MOHAMMAD PETROLEUM SERVICE,Refinery
80233,WALI MOHAMMAD PETROLEUM SERVICE,Port Qasim
80236,HAMEEDI SERVICE STATION,Kemari
80236,HAMEEDI SERVICE STATION,Refinery
80236,HAMEEDI SERVICE STATION,Port Qasim
80238,JANS FILLING STATION,Taru jabba
80239,SHANDAR WAZIRISTAN FILLING STATION,Mehmoodkot
80239,SHANDAR WAZIRISTAN FILLING STATION,Parco
80240,LUQMAN PETROLEUM SERVICES,Mehmoodkot
80240,LUQMAN PETROLEUM SERVICES,Parco
80241,MADINA PETROLEUM SERVICE,Gatti
80241,MADINA PETROLEUM SERVICE,Machikey
80241,MADINA PETROLEUM SERVICE,Mehmoodkot
80242,MEHR FILLING STATION,Kemari
80242,MEHR FILLING STATION,Refinery
80242,MEHR FILLING STATION,Port Qasim
80243,TANDO JAM FILLING STATION,Kemari
80243,TANDO JAM FILLING STATION,Refinery
80243,TANDO JAM FILLING STATION,Port Qasim
80244,SMNA PARACHA FILLING STATION,Mehmoodkot
80244,SMNA PARACHA FILLING STATION,Parco
80245,AWAMI FILLING STATION,Machikey
80245,AWAMI FILLING STATION,Chakpirana
80246,MAM FILLING STATION,Kemari
80246,MAM FILLING STATION,Refinery
80246,MAM FILLING STATION,Port Qasim
80247,ANWAR TRUCKING STATION,Gatti
80247,ANWAR TRUCKING STATION,Machikey
80247,ANWAR TRUCKING STATION,Mehmoodkot
80249,SINDH FILLING STATION,Kemari
80249,SINDH FILLING STATION,Refinery
80249,SINDH FILLING STATION,Port Qasim
80250,PAKHTUNKHWA FILLING STATION,Mehmoodkot
80250,PAKHTUNKHWA FILLING STATION,Parco
80251,AL MIRAJ FILLING STATION,Taru jabba
80253,KUNRI MEHRAN FILLING STATION,Kemari
80253,KUNRI MEHRAN FILLING STATION,Refinery
80253,KUNRI MEHRAN FILLING STATION,Port Qasim
80254,AL KAREEM PETROLEUM,Gatti
80254,AL KAREEM PETROLEUM,Machikey
80254,AL KAREEM PETROLEUM,Mehmoodkot
80255,CH. FATEH DIN PETROLEUM SERVICES,Gatti
80255,CH. FATEH DIN PETROLEUM SERVICES,Machikey
80255,CH. FATEH DIN PETROLEUM SERVICES,Mehmoodkot
80256,MOHKAM DIN FILLING STATION,Machikey
80256,MOHKAM DIN FILLING STATION,Chakpirana
80258,MALIK SAIF FILLING STATION,Quetta
80259,AWAN FILLING STATION,Shikarpur
80259,AWAN FILLING STATION,Dolatpur
80259,AWAN FILLING STATION,Mehmoodkot
80260,LAIQ FILLING STATION,Quetta
80261,RAZIA FILLING STATION,Shikarpur
80261,RAZIA FILLING STATION,Dolatpur
80261,RAZIA FILLING STATION,Mehmoodkot
80263,PESHAWAR CNG FILLING STATION,Taru jabba
80264,MARWAT FILLING STATION,Taru jabba
80267,AL-MUSTAFA FILLING STATION,Shikarpur
80267,AL-MUSTAFA FILLING STATION,Dolatpur
80267,AL-MUSTAFA FILLING STATION,Mehmoodkot
80269,NASEEM FILLING STATION,Shikarpur
80269,NASEEM FILLING STATION,Dolatpur
80269,NASEEM FILLING STATION,Mehmoodkot
80270,RASHID PETROLEUM,Sahiwal
80271,HOTI CNG FILLING STATION,Taru jabba
80273,AL KHAIR FUEL HUT,Machikey
80273,AL KHAIR FUEL HUT,Chakpirana
80274,MECCA PETROLEUM,Machikey
80274,MECCA PETROLEUM,Chakpirana
80276,BAKKA PETROLEUM SERVICE,Kemari
80276,BAKKA PETROLEUM SERVICE,Refinery
80276,BAKKA PETROLEUM SERVICE,Port Qasim
80277,YARAAN PETROLEUM SERVICE,Quetta
80278,DIAMOND FILLING STATION,Shikarpur
80278,DIAMOND FILLING STATION,Dolatpur
80278,DIAMOND FILLING STATION,Mehmoodkot
80279,JP'S PETROLEUM SERVICE,Kemari
80279,JP'S PETROLEUM SERVICE,Refinery
80279,JP'S PETROLEUM SERVICE,Port Qasim
80280,BILAL ZAM ZAM FILLING STATION,Kemari
80280,BILAL ZAM ZAM FILLING STATION,Refinery
80280,BILAL ZAM ZAM FILLING STATION,Port Qasim
80281,WAZIR PETROLEUM SERVICE,Kemari
80281,WAZIR PETROLEUM SERVICE,Refinery
80281,WAZIR PETROLEUM SERVICE,Port Qasim
80282,CHEEMA CNG,Chakpirana
80282,CHEEMA CNG,Machikey
80283,M SHARIF FILLING STATION,Machikey
80283,M SHARIF FILLING STATION,Chakpirana
80284,SUPER AL MADINA F/S,Mehmoodkot
80284,SUPER AL MADINA F/S,Parco
80285,NOWSHERA FILLING STATION,Taru jabba
80286,ISHTIAQ FILLING STATION,Chakpirana
80286,ISHTIAQ FILLING STATION,Machikey
80287,QURBAN PETROLEUM SERVICE,Shikarpur
80287,QURBAN PETROLEUM SERVICE,Dolatpur
80287,QURBAN PETROLEUM SERVICE,Mehmoodkot
80288,THAHEEM PETROLEUM SERVICES,Machikey
80288,THAHEEM PETROLEUM SERVICES,Chakpirana
80289,SABIR HUSSAIN FILLING STATION,Jaglot
80291,NIAZ FILLING STATION,Jaglot
80293,NASEEB FILLING STATION,Sihala
80295,GHOUSIA MEHRIA FILLING STATION,Mehmoodkot
80295,GHOUSIA MEHRIA FILLING STATION,Parco
80296,AL TAJ PETROLEUM SERVICES,Shikarpur
80296,AL TAJ PETROLEUM SERVICES,Dolatpur
80296,AL TAJ PETROLEUM SERVICES,Mehmoodkot
80297,AL SYED PETROLEUM SERVICE,Sahiwal
80299,ISLAMKOT FILLING STATION,Kemari
80299,ISLAMKOT FILLING STATION,Refinery
80299,ISLAMKOT FILLING STATION,Port Qasim
80301,AYAAN PETROLEUM SERVICE,Kemari
80301,AYAAN PETROLEUM SERVICE,Refinery
80301,AYAAN PETROLEUM SERVICE,Port Qasim
80302,NOORI FILLING STATION,Kemari
80302,NOORI FILLING STATION,Refinery
80302,NOORI FILLING STATION,Port Qasim
80303,NEW AWAIS QARNI PETROLEUM SERVICE,Kemari
80303,NEW AWAIS QARNI PETROLEUM SERVICE,Refinery
80303,NEW AWAIS QARNI PETROLEUM SERVICE,Port Qasim
80304,M. YOUSUF PETROLEUM SERVICE,Shikarpur
80304,M. YOUSUF PETROLEUM SERVICE,Dolatpur
80304,M. YOUSUF PETROLEUM SERVICE,Mehmoodkot
80305,HYDER AUTOS,Quetta
80306,M. SULEMAN PETROLEUM SERVICE,Kemari
80306,M. SULEMAN PETROLEUM SERVICE,Refinery
80306,M. SULEMAN PETROLEUM SERVICE,Port Qasim
80307,AL-AHSAN FILLING STATION,Sihala
80308,AL MUNIR FILLING STATION,Mehmoodkot
80308,AL MUNIR FILLING STATION,Parco
80309,SHEHZAD MOUSA KHEL PETROLEUM SERVIC,Mehmoodkot
80309,SHEHZAD MOUSA KHEL PETROLEUM SERVIC,Parco
80310,UMER PETROLEUM SERVICES,Gatti
80310,UMER PETROLEUM SERVICES,Machikey
80310,UMER PETROLEUM SERVICES,Mehmoodkot
80312,RANA TAJ PETROLEUM SERVICE,Shikarpur
80312,RANA TAJ PETROLEUM SERVICE,Dolatpur
80312,RANA TAJ PETROLEUM SERVICE,Mehmoodkot
80313,WISAL FILLING STATION,Taru jabba
80315,BILAL TRUCKING STATION,Shikarpur
80315,BILAL TRUCKING STATION,Dolatpur
80315,BILAL TRUCKING STATION,Mehmoodkot
80319,MARWAT 2 FILLING STATION KOT ADDU,Mehmoodkot
80319,MARWAT 2 FILLING STATION KOT ADDU,Parco
80320,QAZI FILLING STATION,Mehmoodkot
80320,QAZI FILLING STATION,Parco
80321,NEW YARAAN BROTHERS,Quetta
80322,AL-BARKAT PETROLEUM SERVICES,Mehmoodkot
80322,AL-BARKAT PETROLEUM SERVICES,Parco
80323,SOHLA FILLING STATION,Vihari
80323,SOHLA FILLING STATION,Mehmoodkot
80324,MANJ PETROLEUM SERVICES,Chakpirana
80324,MANJ PETROLEUM SERVICES,Machikey
80325,SHAH JALAL PETROLEUM SERVICES,Gatti
80325,SHAH JALAL PETROLEUM SERVICES,Machikey
80325,SHAH JALAL PETROLEUM SERVICES,Mehmoodkot
80326,FATIMA PETROLEUM SERVICES,Shikarpur
80326,FATIMA PETROLEUM SERVICES,Dolatpur
80326,FATIMA PETROLEUM SERVICES,Mehmoodkot
80327,WHEEL FILLING STATION,Kemari
80327,WHEEL FILLING STATION,Refinery
80327,WHEEL FILLING STATION,Port Qasim
80328,KHALID PETROLEUM,Sahiwal
80329,AL-HAFIZ PETROLEUM,Mehmoodkot
80329,AL-HAFIZ PETROLEUM,Parco
80332,RAWAL HASNAIN PETROLEUM SERVICE,Shikarpur
80332,RAWAL HASNAIN PETROLEUM SERVICE,Dolatpur
80332,RAWAL HASNAIN PETROLEUM SERVICE,Mehmoodkot
80333,WAIZ PETROLEUM & CNG FILLING STATIO,Kemari
80333,WAIZ PETROLEUM & CNG FILLING STATIO,Refinery
80333,WAIZ PETROLEUM & CNG FILLING STATIO,Port Qasim
80334,AL FALAH FILLING STATION,Shikarpur
80334,AL FALAH FILLING STATION,Dolatpur
80334,AL FALAH FILLING STATION,Mehmoodkot
80335,AKHUNZADA FILLING STATION,Mehmoodkot
80335,AKHUNZADA FILLING STATION,Parco
80336,INDUS FILLING STATION,Shikarpur
80336,INDUS FILLING STATION,Dolatpur
80336,INDUS FILLING STATION,Mehmoodkot
80337,AL-TARIQ GAS PVT LTD,Kemari
80337,AL-TARIQ GAS PVT LTD,Refinery
80337,AL-TARIQ GAS PVT LTD,Port Qasim
80339,HONEY FILLING STATION,Shikarpur
80339,HONEY FILLING STATION,Dolatpur
80339,HONEY FILLING STATION,Mehmoodkot
80340,DUNYAPUR FILLING STATION,Vihari
80340,DUNYAPUR FILLING STATION,Mehmoodkot
80341,SEHWAN FILLING STATION,Shikarpur
80341,SEHWAN FILLING STATION,Dolatpur
80341,SEHWAN FILLING STATION,Mehmoodkot
80342,USMANIA CNG & FILLING STATION,Vihari
80342,USMANIA CNG & FILLING STATION,Mehmoodkot
80343,NAEEM FILLING STATION,Shikarpur
80343,NAEEM FILLING STATION,Dolatpur
80343,NAEEM FILLING STATION,Mehmoodkot
80345,AL AHMED PETROLEUM SERVICES,Shikarpur
80345,AL AHMED PETROLEUM SERVICES,Dolatpur
80345,AL AHMED PETROLEUM SERVICES,Mehmoodkot
80346,ASHRAF AZAM PETROLEUM SERVICES,Shikarpur
80346,ASHRAF AZAM PETROLEUM SERVICES,Dolatpur
80346,ASHRAF AZAM PETROLEUM SERVICES,Mehmoodkot
80349,SUPER ASHRAF PETROLEUM SERVICE,Shikarpur
80349,SUPER ASHRAF PETROLEUM SERVICE,Dolatpur
80349,SUPER ASHRAF PETROLEUM SERVICE,Mehmoodkot
80350,NARI FILLING STATION,Gatti
80350,NARI FILLING STATION,Machikey
80350,NARI FILLING STATION,Mehmoodkot
80351,NEW IQBAL FILLING STATION,Gatti
80351,NEW IQBAL FILLING STATION,Machikey
80351,NEW IQBAL FILLING STATION,Mehmoodkot
80352,LANDI ARBAB FILLING STATION,Taru jabba
80353,AMIR PETROLEUM,Mehmoodkot
80353,AMIR PETROLEUM,Parco
80357,ZIA & ZAKA FILLING STATION,Mehmoodkot
80357,ZIA & ZAKA FILLING STATION,Parco
80358,AKRAM FILLING STATION,Mehmoodkot
80358,AKRAM FILLING STATION,Parco
80360,INDUS PETROLEUM,Jaglot
80361,SUPER MIANWALI FILLING STATION,Shikarpur
80361,SUPER MIANWALI FILLING STATION,Dolatpur
80361,SUPER MIANWALI FILLING STATION,Mehmoodkot
80362,ALI RAZA FILLING STATION,Shikarpur
80362,ALI RAZA FILLING STATION,Dolatpur
80362,ALI RAZA FILLING STATION,Mehmoodkot
80363,ASHRAF FILLING STATION,Shikarpur
80363,ASHRAF FILLING STATION,Dolatpur
80363,ASHRAF FILLING STATION,Mehmoodkot
80364,FARM FUELS,Chakpirana
80364,FARM FUELS,Machikey
80368,BILAL HAIDER PETROLEUM SERVICES,Vihari
80368,BILAL HAIDER PETROLEUM SERVICES,Mehmoodkot
80380,ADEEL FILLING STATION,Shikarpur
80380,ADEEL FILLING STATION,Dolatpur
80380,ADEEL FILLING STATION,Mehmoodkot
80389,ALI SYED FILLING STATION,Mehmoodkot
80389,ALI SYED FILLING STATION,Parco
80391,MOUSA KHEL FILLING STATION,Vihari
80391,MOUSA KHEL FILLING STATION,Mehmoodkot
80395,IMRAN PETROLEUM,Machikey
80395,IMRAN PETROLEUM,Chakpirana
80397,INSHAF WAZIRISTAN PETROLEUM SERVICE,Mehmoodkot
80397,INSHAF WAZIRISTAN PETROLEUM SERVICE,Parco
80413,PALARI FILLING STATION,Kemari
80413,PALARI FILLING STATION,Refinery
80413,PALARI FILLING STATION,Port Qasim
80414,AIJAZ PETROLEUM SERVICE,Shikarpur
80414,AIJAZ PETROLEUM SERVICE,Dolatpur
80414,AIJAZ PETROLEUM SERVICE,Mehmoodkot
80417,KHAN PETROLEUM SERVICES,Vihari
80417,KHAN PETROLEUM SERVICES,Mehmoodkot
80418,AZEEM FILLING STATION,Sihala
80421,ITTEFAQ FILLING STATION,Mehmoodkot
80421,ITTEFAQ FILLING STATION,Parco
80422,NAYYAB PETROLEUM,Gatti
80422,NAYYAB PETROLEUM,Machikey
80422,NAYYAB PETROLEUM,Mehmoodkot
80428,ADNAN FILLING STATION,Sihala
80429,FAYAKOON FILLING STATION,Shikarpur
80429,FAYAKOON FILLING STATION,Dolatpur
80429,FAYAKOON FILLING STATION,Mehmoodkot
80432,MASOOD BROTHERS PETROLEUM,Mehmoodkot
80432,MASOOD BROTHERS PETROLEUM,Parco
80433,BURKI PETROLEUM,Kemari
80433,BURKI PETROLEUM,Refinery
80433,BURKI PETROLEUM,Port Qasim
80434,M. D PETROLEUM SERVICE,Kemari
80434,M. D PETROLEUM SERVICE,Refinery
80434,M. D PETROLEUM SERVICE,Port Qasim
80435,REHAN BROTHERS,Machikey
80435,REHAN BROTHERS,Chakpirana
80437,FAST FILLING STATION,Sahiwal
80438,TAYYAB PETROLEUM SERVICE,Mehmoodkot
80438,TAYYAB PETROLEUM SERVICE,Parco
80439,ARSALAN PETROLEUM SERVICES,Vihari
80439,ARSALAN PETROLEUM SERVICES,Mehmoodkot
80443,BURHAN FILLING STATION,Mehmoodkot
80443,BURHAN FILLING STATION,Parco
80444,ALI SHER FILLING STATION,Kemari
80444,ALI SHER FILLING STATION,Refinery
80444,ALI SHER FILLING STATION,Port Qasim
80445,SETH SOOMAR FILLING STATION,Kemari
80445,SETH SOOMAR FILLING STATION,Refinery
80445,SETH SOOMAR FILLING STATION,Port Qasim
80446,ZAM ZAM MADINA FILLING STATION,Shikarpur
80446,ZAM ZAM MADINA FILLING STATION,Dolatpur
80446,ZAM ZAM MADINA FILLING STATION,Mehmoodkot
80447,DAWOOD FILLING STATION,Mehmoodkot
80447,DAWOOD FILLING STATION,Parco
80448,NEW USMAN FILLING STATION,Sahiwal
80450,TAHIR PETROLEUM,Sihala
80454,KHAN BELA FILLING STATION,Mehmoodkot
80454,KHAN BELA FILLING STATION,Parco
80458,AMEER PETROLEUM SERVICE,Shikarpur
80458,AMEER PETROLEUM SERVICE,Dolatpur
80458,AMEER PETROLEUM SERVICE,Mehmoodkot
80459,NEW AL NOOR FILLING STATION,Mehmoodkot
80459,NEW AL NOOR FILLING STATION,Parco
80462,CARAVAN SERVICE STATION,Machikey
80462,CARAVAN SERVICE STATION,Chakpirana
80463,SABIL KHAN FILLING STATION,Shikarpur
80463,SABIL KHAN FILLING STATION,Dolatpur
80463,SABIL KHAN FILLING STATION,Mehmoodkot
80464,HAQ BROTHERS 2 FILLING STATION,Mehmoodkot
80464,HAQ BROTHERS 2 FILLING STATION,Parco
80465,CHAUDHRY FILLING STATION,Vihari
80465,CHAUDHRY FILLING STATION,Mehmoodkot
80466,BILAL PETROLEUM SERVICES,Mehmoodkot
80466,BILAL PETROLEUM SERVICES,Parco
80467,AL-HAMEED FILLING STATION,Gatti
80467,AL-HAMEED FILLING STATION,Machikey
80467,AL-HAMEED FILLING STATION,Mehmoodkot
80468,LILLAH CNG & FILLING STATION,Sihala
80469,AKBER KHAN PETROLEUM,Sihala
80470,AL SUDAIS FILLING STATION,Mehmoodkot
80470,AL SUDAIS FILLING STATION,Parco
80471,GHOSIA FILLING STATION,Sihala
80472,AHMED RASOOL FILLING STATION,Gatti
80472,AHMED RASOOL FILLING STATION,Machikey
80472,AHMED RASOOL FILLING STATION,Mehmoodkot
80473,DATA PETROLEUM,Shikarpur
80473,DATA PETROLEUM,Dolatpur
80473,DATA PETROLEUM,Mehmoodkot
80474,SUPER AL NOOR FILLING STATION,Shikarpur
80474,SUPER AL NOOR FILLING STATION,Dolatpur
80474,SUPER AL NOOR FILLING STATION,Mehmoodkot
80475,RAO FILLING STATION,Vihari
80475,RAO FILLING STATION,Mehmoodkot
80476,MUSHTARKA PETROLEUM SERVICE,Quetta
80477,PARADISE FILLING STATION,Shikarpur
80477,PARADISE FILLING STATION,Dolatpur
80477,PARADISE FILLING STATION,Mehmoodkot
80478,MUHAMMADI FILLING STATION GOLARCHI,Kemari
80478,MUHAMMADI FILLING STATION GOLARCHI,Refinery
80478,MUHAMMADI FILLING STATION GOLARCHI,Port Qasim
80479,STANDARD FILLING STATION,Quetta
80480,ARABIAN FILLING STATION,Kemari
80480,ARABIAN FILLING STATION,Refinery
80480,ARABIAN FILLING STATION,Port Qasim
80481,UMER FAROOQ FILLING STATION,Shikarpur
80481,UMER FAROOQ FILLING STATION,Dolatpur
80481,UMER FAROOQ FILLING STATION,Mehmoodkot
80482,PEARL CNG,Sihala
80483,SHAH NAWAZ FILLING STATION,Gatti
80483,SHAH NAWAZ FILLING STATION,Machikey
80483,SHAH NAWAZ FILLING STATION,Mehmoodkot
80485,ABDULLAH FILLING STATION,Gatti
80485,ABDULLAH FILLING STATION,Machikey
80485,ABDULLAH FILLING STATION,Mehmoodkot
80488,ALI ASIM FILLING STATION,Gatti
80488,ALI ASIM FILLING STATION,Machikey
80488,ALI ASIM FILLING STATION,Mehmoodkot
80492,BOLAN VIEW FILLING STATION,Quetta
80502,KHANCO FILLING STATION,Sihala
80503,AH PETROLEUM SERVICE,Taru jabba
80505,KHATTAK PETROLEUM,Kemari
80505,KHATTAK PETROLEUM,Refinery
80505,KHATTAK PETROLEUM,Port Qasim
80506,EMPIRE ONE INTERNATIONAL,Kemari
80506,EMPIRE ONE INTERNATIONAL,Refinery
80506,EMPIRE ONE INTERNATIONAL,Port Qasim
80509,AL HASEEB FILLING STATION,Kemari
80509,AL HASEEB FILLING STATION,Refinery
80509,AL HASEEB FILLING STATION,Port Qasim
80516,CITY GASOLINE,Kemari
80516,CITY GASOLINE,Refinery
80516,CITY GASOLINE,Port Qasim
80520,NEW HAMZA PETROLEUM SERVICES,Chakpirana
80520,NEW HAMZA PETROLEUM SERVICES,Machikey
80521,QADIR FILLING STATION,Chakpirana
80521,QADIR FILLING STATION,Machikey
80533,RAZZAR FILLING STATION,Taru jabba
80534,MEHBOOB KHAN PETROLEUM,Quetta
80538,MATIARI PETROLEUM,Kemari
80538,MATIARI PETROLEUM,Refinery
80538,MATIARI PETROLEUM,Port Qasim
80539,SHAH KAKA KHEL FILLING STATION,Sihala
80540,SHAKARGARH FILLING STATION,Machikey
80540,SHAKARGARH FILLING STATION,Chakpirana
80543,DAWN FILLING STATION,Mehmoodkot
80543,DAWN FILLING STATION,Parco
80544,RAWAL FILLING STATION,Shikarpur
80544,RAWAL FILLING STATION,Dolatpur
80544,RAWAL FILLING STATION,Mehmoodkot
80546,FOUR SEASONS FILLING STATION,Taru jabba
80548,AL RAHEEM FILLING STATION,Kemari
80548,AL RAHEEM FILLING STATION,Refinery
80548,AL RAHEEM FILLING STATION,Port Qasim
80549,AL KARAM PETROLEUM SERVICE,Shikarpur
80549,AL KARAM PETROLEUM SERVICE,Dolatpur
80549,AL KARAM PETROLEUM SERVICE,Mehmoodkot
80550,AL JAVAID FILLING STATION,Shikarpur
80550,AL JAVAID FILLING STATION,Dolatpur
80550,AL JAVAID FILLING STATION,Mehmoodkot
80551,M.YOUSUF 2 FILLING STATION,Shikarpur
80551,M.YOUSUF 2 FILLING STATION,Dolatpur
80551,M.YOUSUF 2 FILLING STATION,Mehmoodkot
80552,SHAHEEN FILLING STATION,Sahiwal
80553,AL REHMAN CNG FILLING STATION,Vihari
80553,AL REHMAN CNG FILLING STATION,Mehmoodkot
80555,HIRA FILLING STATION,Mehmoodkot
80555,HIRA FILLING STATION,Parco
80556,HUSSAIN PETROLEUM SERVICES,Gatti
80556,HUSSAIN PETROLEUM SERVICES,Machikey
80556,HUSSAIN PETROLEUM SERVICES,Mehmoodkot
80557,PAK AFGHAN FILLING STATION,Quetta
80559,NEW THAHEEM PETROLEUM SERVICE,Shikarpur
80559,NEW THAHEEM PETROLEUM SERVICE,Dolatpur
80559,NEW THAHEEM PETROLEUM SERVICE,Mehmoodkot
80561,HASSAN PETROLEUM,Gatti
80561,HASSAN PETROLEUM,Machikey
80561,HASSAN PETROLEUM,Mehmoodkot
80563,SHAHZAD & JAWAD FILLING STATION,Mehmoodkot
80563,SHAHZAD & JAWAD FILLING STATION,Parco
80564,SILLANWALI FILLING STATION,Gatti
80564,SILLANWALI FILLING STATION,Machikey
80564,SILLANWALI FILLING STATION,Mehmoodkot
80577,CITY TOP PETROLEUM SERVICE,Sahiwal
80581,RANA ABBASS PETROLEUM,Machikey
80581,RANA ABBASS PETROLEUM,Chakpirana
80582,KUCHA-E-BALOCHAN FILLING STATION,Kemari
80582,KUCHA-E-BALOCHAN FILLING STATION,Refinery
80582,KUCHA-E-BALOCHAN FILLING STATION,Port Qasim
80583,MAKKAH LPG & FILLING STATION,Shikarpur
80583,MAKKAH LPG & FILLING STATION,Dolatpur
80583,MAKKAH LPG & FILLING STATION,Mehmoodkot
80584,ZAMAN FILLING STATION,Kemari
80584,ZAMAN FILLING STATION,Refinery
80584,ZAMAN FILLING STATION,Port Qasim
80585,SHAZLY PETROLEUM SERVICES,Kemari
80585,SHAZLY PETROLEUM SERVICES,Refinery
80585,SHAZLY PETROLEUM SERVICES,Port Qasim
80587,AFTAB FILLING STATION,Kemari
80587,AFTAB FILLING STATION,Refinery
80587,AFTAB FILLING STATION,Port Qasim
80588,MADINA 1 FILLING STATION,Shikarpur
80588,MADINA 1 FILLING STATION,Dolatpur
80588,MADINA 1 FILLING STATION,Mehmoodkot
80589,ARMAN FILLING STATION,Kemari
80589,ARMAN FILLING STATION,Refinery
80589,ARMAN FILLING STATION,Port Qasim
80590,SHARIF FILLING STATION,Chakpirana
80590,SHARIF FILLING STATION,Machikey
80591,INDUS STAR FILLING STATION,Mehmoodkot
80591,INDUS STAR FILLING STATION,Parco
80592,SHAHID PETROLEUM SERVICES,Gatti
80592,SHAHID PETROLEUM SERVICES,Machikey
80592,SHAHID PETROLEUM SERVICES,Mehmoodkot
80598,GRAND MADINA FILLING STATION,Kemari
80598,GRAND MADINA FILLING STATION,Refinery
80598,GRAND MADINA FILLING STATION,Port Qasim
80599,SHAHEED NIZAM AGHA FILLING STATION,Quetta
80600,LUHUR FILLING STATION,Shikarpur
80600,LUHUR FILLING STATION,Dolatpur
80600,LUHUR FILLING STATION,Mehmoodkot
80601,UNITED CNG & PETROLEUM SERVICES,Kemari
80601,UNITED CNG & PETROLEUM SERVICES,Refinery
80601,UNITED CNG & PETROLEUM SERVICES,Port Qasim
80604,NEW UMERKOT FILLING STATION,Kemari
80604,NEW UMERKOT FILLING STATION,Refinery
80604,NEW UMERKOT FILLING STATION,Port Qasim
80605,M.ISHAQUE FILLING STATION,Kemari
80605,M.ISHAQUE FILLING STATION,Refinery
80605,M.ISHAQUE FILLING STATION,Port Qasim
80606,LUCKY OIL COMPANY PRIVATE LIMITED,Kemari
80606,LUCKY OIL COMPANY PRIVATE LIMITED,Refinery
80606,LUCKY OIL COMPANY PRIVATE LIMITED,Port Qasim
80622,SHAHWANI FILLING STATION,Quetta
80623,MOULANA PETROLEUM SERVICE,Quetta
80624,JEDDAH TRUCKING STATION,Kemari
80624,JEDDAH TRUCKING STATION,Refinery
80624,JEDDAH TRUCKING STATION,Port Qasim
80625,HADI PETROLEUM SERVICE,Kemari
80625,HADI PETROLEUM SERVICE,Refinery
80625,HADI PETROLEUM SERVICE,Port Qasim
80626,QAMAR FILLING STATION,Kemari
80626,QAMAR FILLING STATION,Refinery
80626,QAMAR FILLING STATION,Port Qasim
80627,ALI BABA FILLING STATION,Kemari
80627,ALI BABA FILLING STATION,Refinery
80627,ALI BABA FILLING STATION,Port Qasim
80628,MARWAT PESHAWAR FILLING STATION,Taru jabba
80629,SSD PETROLEUM,Shikarpur
80629,SSD PETROLEUM,Dolatpur
80629,SSD PETROLEUM,Mehmoodkot
80630,MOHMAND FILLING STATION,Kemari
80630,MOHMAND FILLING STATION,Refinery
80630,MOHMAND FILLING STATION,Port Qasim
80632,HASEEB-UR-REHMAN FILLING STATION,Shikarpur
80632,HASEEB-UR-REHMAN FILLING STATION,Dolatpur
80632,HASEEB-UR-REHMAN FILLING STATION,Mehmoodkot
80634,WINDER FILLING STATION,Kemari
80634,WINDER FILLING STATION,Refinery
80634,WINDER FILLING STATION,Port Qasim
80636,ELEGANT FILLING STATION,Kemari
80636,ELEGANT FILLING STATION,Refinery
80636,ELEGANT FILLING STATION,Port Qasim
80640,FAHAD FILLING STATION,Kemari
80640,FAHAD FILLING STATION,Refinery
80640,FAHAD FILLING STATION,Port Qasim
80643,JALAL FILLING STATION,Taru jabba
80644,BILAL FILLING STATION,Kemari
80644,BILAL FILLING STATION,Refinery
80644,BILAL FILLING STATION,Port Qasim
80645,HAFIZ PETROLEUM,Chakpirana
80645,HAFIZ PETROLEUM,Machikey
80648,IBRAHIM FILLING STATION,Sihala
80649,DUA FILLING STATION,Kemari
80649,DUA FILLING STATION,Refinery
80649,DUA FILLING STATION,Port Qasim
80650,AL-HAMD PETROLEUM,Kemari
80650,AL-HAMD PETROLEUM,Refinery
80650,AL-HAMD PETROLEUM,Port Qasim
80651,SPEED CNG & FILLING STATION,Sihala
80653,LUCKY STAR PETROLEUM SERVICE,Kemari
80653,LUCKY STAR PETROLEUM SERVICE,Refinery
80653,LUCKY STAR PETROLEUM SERVICE,Port Qasim
80656,MAALIK KHAN PETROLEUM,Quetta
80657,KARWAN 3 FILLING STATION,Sihala
80658,SAYED PETROLEUM SERVICE,Kemari
80658,SAYED PETROLEUM SERVICE,Refinery
80658,SAYED PETROLEUM SERVICE,Port Qasim
80659,RAEES PETROLEUM,Kemari
80659,RAEES PETROLEUM,Refinery
80659,RAEES PETROLEUM,Port Qasim
80661,MAZARI ONE PETROLEUM SERVICE,Shikarpur
80661,MAZARI ONE PETROLEUM SERVICE,Dolatpur
80661,MAZARI ONE PETROLEUM SERVICE,Mehmoodkot
80662,BANGYAL FILLING STATION,Chakpirana
80662,BANGYAL FILLING STATION,Machikey
80668,HASHMI PETROLEUM SERVICE,Quetta
80672,AL JAWAD FILLING STATION,Quetta
80673,SHAN FILLING STATION,Mehmoodkot
80673,SHAN FILLING STATION,Parco
80674,MS BROTHERS FILLING STATION,Mehmoodkot
80674,MS BROTHERS FILLING STATION,Parco
80676,PAK DANYORE FILLING STATION,Jaglot
80678,AL HARMAIN FUELS,Sahiwal
80679,NEW SHAHBAZ FILLING STATION,Kemari
80679,NEW SHAHBAZ FILLING STATION,Refinery
80679,NEW SHAHBAZ FILLING STATION,Port Qasim
80680,INDUS CNG & FILLING STATION,Kemari
80680,INDUS CNG & FILLING STATION,Refinery
80680,INDUS CNG & FILLING STATION,Port Qasim
80681,GB FILLING STATION,Jaglot
80682,MEEKAIL ENTERPRISES,Kemari
80682,MEEKAIL ENTERPRISES,Refinery
80682,MEEKAIL ENTERPRISES,Port Qasim
80683,GOHAR PETROLEUM SERVICE,Shikarpur
80683,GOHAR PETROLEUM SERVICE,Dolatpur
80683,GOHAR PETROLEUM SERVICE,Mehmoodkot
80684,MUSTAFA PETROLEUM SERVICE,Kemari
80684,MUSTAFA PETROLEUM SERVICE,Refinery
80684,MUSTAFA PETROLEUM SERVICE,Port Qasim
80685,KARIM FILLING STATION,Kemari
80685,KARIM FILLING STATION,Refinery
80685,KARIM FILLING STATION,Port Qasim
80686,NIAZ BROTHERS PETROLEUM SERVICE,Quetta
80687,SHABBIR & FAEEZ PETROLEUM SERVICE,Kemari
80687,SHABBIR & FAEEZ PETROLEUM SERVICE,Refinery
80687,SHABBIR & FAEEZ PETROLEUM SERVICE,Port Qasim
80688,RAJ FILLING STATION,Kemari
80688,RAJ FILLING STATION,Refinery
80688,RAJ FILLING STATION,Port Qasim
80689,SHER ZAMAN AFRIDI FILLING STATION,Taru jabba
80690,PRIMA KT BANDAR TRADE SERVICES,Kemari
80690,PRIMA KT BANDAR TRADE SERVICES,Refinery
80690,PRIMA KT BANDAR TRADE SERVICES,Port Qasim
80691,JILANI PETROLEUM SERVICE,Kemari
80691,JILANI PETROLEUM SERVICE,Refinery
80691,JILANI PETROLEUM SERVICE,Port Qasim
80692,SKY LIGHT ENTERPRISES,Kemari
80692,SKY LIGHT ENTERPRISES,Refinery
80692,SKY LIGHT ENTERPRISES,Port Qasim
80693,ASIF ALI FILLING STATION,Kemari
80693,ASIF ALI FILLING STATION,Refinery
80693,ASIF ALI FILLING STATION,Port Qasim
80695,ZEESHAN PETROLEUM SERVICE,Taru jabba
80696,KOHING FILLING STATION,Quetta
80696,KOHING FILLING STATION,Refinery
80697,ZULFIQAR PETROLEUM SERVICE,Kemari
80697,ZULFIQAR PETROLEUM SERVICE,Refinery
80697,ZULFIQAR PETROLEUM SERVICE,Port Qasim
80698,SWAT PETROLEUM,Kemari
80698,SWAT PETROLEUM,Refinery
80698,SWAT PETROLEUM,Port Qasim
80699,SOHAIB FILLING STATION,Taru jabba
80700,BASHIR LUQMAN PETROLEUM SERVICE,Quetta
80701,SHAH CNG & FILLING STATION,Sihala
80704,AL-HUSSAIN PETROLEUM,Kemari
80704,AL-HUSSAIN PETROLEUM,Refinery
80704,AL-HUSSAIN PETROLEUM,Port Qasim
80705,JALUE KHEL PETROLEUM,Gatti
80705,JALUE KHEL PETROLEUM,Machikey
80705,JALUE KHEL PETROLEUM,Mehmoodkot
80706,AL MEEZAN PETROLEUM,Kemari
80706,AL MEEZAN PETROLEUM,Refinery
80706,AL MEEZAN PETROLEUM,Port Qasim
80709,MEMON PETROLEUM SERVICE,Kemari
80709,MEMON PETROLEUM SERVICE,Refinery
80709,MEMON PETROLEUM SERVICE,Port Qasim
80710,CHAND FILLING STATION,Kemari
80710,CHAND FILLING STATION,Refinery
80710,CHAND FILLING STATION,Port Qasim
80712,ALMAS FILLING STATION,Kemari
80712,ALMAS FILLING STATION,Refinery
80712,ALMAS FILLING STATION,Port Qasim
80748,ALI WARIS PETROLEUM SERVICE,Kemari
80748,ALI WARIS PETROLEUM SERVICE,Refinery
80748,ALI WARIS PETROLEUM SERVICE,Port Qasim
80756,NOROZ FILLING STATION,Quetta
80757,MUHAMMAD MURAD PETROLEUM SERVICE,Shikarpur
80757,MUHAMMAD MURAD PETROLEUM SERVICE,Dolatpur
80757,MUHAMMAD MURAD PETROLEUM SERVICE,Mehmoodkot
80781,AWAIS FILLING STATION,Kemari
80781,AWAIS FILLING STATION,Refinery
80781,AWAIS FILLING STATION,Port Qasim
80782,AYAN ALI FILLING STATION,Kemari
80782,AYAN ALI FILLING STATION,Refinery
80782,AYAN ALI FILLING STATION,Port Qasim
80783,WASSAN PETROLEUM,Kemari
80783,WASSAN PETROLEUM,Refinery
80783,WASSAN PETROLEUM,Port Qasim
80784,BILAL CNG & FILLING STATION,Shikarpur
80784,BILAL CNG & FILLING STATION,Dolatpur
80784,BILAL CNG & FILLING STATION,Mehmoodkot
80785,AKBARI FILLING STATION,Kemari
80785,AKBARI FILLING STATION,Refinery
80785,AKBARI FILLING STATION,Port Qasim
80787,TAWAKAL FILLING STATION,Kemari
80787,TAWAKAL FILLING STATION,Refinery
80787,TAWAKAL FILLING STATION,Port Qasim
80807,SADIQ TRUCKING STATION,Kemari
80807,SADIQ TRUCKING STATION,Refinery
80807,SADIQ TRUCKING STATION,Port Qasim
80808,COMMANDER PETROLEUM SERVICE,Kemari
80808,COMMANDER PETROLEUM SERVICE,Refinery
80808,COMMANDER PETROLEUM SERVICE,Port Qasim
80809,BHUTTO PETROLEUM SERVICE,Shikarpur
80809,BHUTTO PETROLEUM SERVICE,Dolatpur
80809,BHUTTO PETROLEUM SERVICE,Mehmoodkot
80822,POONAM PETROLEUM SERVICES,Kemari
80822,POONAM PETROLEUM SERVICES,Refinery
80822,POONAM PETROLEUM SERVICES,Port Qasim
80823,M.UMER PETROLEUM SERVICE,Quetta
80823,M.UMER PETROLEUM SERVICE,Shikarpur
80837,DADAL SHAH FILLING STATION,Kemari
80837,DADAL SHAH FILLING STATION,Refinery
80837,DADAL SHAH FILLING STATION,Port Qasim
80840,SAAD PETROLEUM SERVICE,Kemari
80840,SAAD PETROLEUM SERVICE,Refinery
80840,SAAD PETROLEUM SERVICE,Port Qasim
80841,SHAIR HASSAN FILLING STATION,Quetta
80842,NOORANI PETROLEUM SERVICE,Kemari
80842,NOORANI PETROLEUM SERVICE,Refinery
80842,NOORANI PETROLEUM SERVICE,Port Qasim
80843,SHAIKH PETROLEUM SERVICE,Kemari
80843,SHAIKH PETROLEUM SERVICE,Refinery
80843,SHAIKH PETROLEUM SERVICE,Port Qasim
80844,MAKKAH FUEL,Kemari
80844,MAKKAH FUEL,Refinery
80844,MAKKAH FUEL,Port Qasim
80845,AMMARA PETROLEUM SERVICE,Kemari
80845,AMMARA PETROLEUM SERVICE,Refinery
80845,AMMARA PETROLEUM SERVICE,Port Qasim
80846,STAR FILLING STATION,Kemari
80846,STAR FILLING STATION,Refinery
80846,STAR FILLING STATION,Port Qasim
80847,STAR OIL FILLING STATION,Sihala
80848,ABADGAR PETROLEUM SERVICE,Kemari
80848,ABADGAR PETROLEUM SERVICE,Refinery
80848,ABADGAR PETROLEUM SERVICE,Port Qasim
80849,SARDAR FILLING STATION,Chakpirana
80849,SARDAR FILLING STATION,Machikey
80851,SHAHZAIB PETROLEUM SERVICES,Kemari
80851,SHAHZAIB PETROLEUM SERVICES,Refinery
80851,SHAHZAIB PETROLEUM SERVICES,Port Qasim
80852,SHABBIR FILLING STATION,Kemari
80852,SHABBIR FILLING STATION,Refinery
80852,SHABBIR FILLING STATION,Port Qasim
80853,SHER JAN PETROLEUM SERVICES,Mehmoodkot
80853,SHER JAN PETROLEUM SERVICES,Parco
80854,MOOSA PETROLEUM SERVICE,Kemari
80854,MOOSA PETROLEUM SERVICE,Refinery
80854,MOOSA PETROLEUM SERVICE,Port Qasim
80858,AMEER II PETROLEUM SERVICE,Shikarpur
80858,AMEER II PETROLEUM SERVICE,Dolatpur
80858,AMEER II PETROLEUM SERVICE,Mehmoodkot
80859,AJMAL FILLING STATION,Quetta
80860,T.H.B PETROLEUM SERVICES,Shikarpur
80860,T.H.B PETROLEUM SERVICES,Dolatpur
80860,T.H.B PETROLEUM SERVICES,Mehmoodkot
80861,ZUBAIR AKHTAR PETROLEUM,Gatti
80861,ZUBAIR AKHTAR PETROLEUM,Machikey
80861,ZUBAIR AKHTAR PETROLEUM,Mehmoodkot
80862,SAMEER PETROLEUM SERVICE,Kemari
80862,SAMEER PETROLEUM SERVICE,Refinery
80862,SAMEER PETROLEUM SERVICE,Port Qasim
80863,KASHMIR PETROLEUM SERVICE,Chakpirana
80863,KASHMIR PETROLEUM SERVICE,Machikey
80865,HAIDER PETROLEUM,Sihala
80866,NEW BISMILLAH FUELS,Gatti
80866,NEW BISMILLAH FUELS,Machikey
80866,NEW BISMILLAH FUELS,Mehmoodkot
80867,NEW SSD FILLING STATION,Shikarpur
80867,NEW SSD FILLING STATION,Dolatpur
80867,NEW SSD FILLING STATION,Mehmoodkot
80868,HALEPOTA FILLING STATION,Kemari
80868,HALEPOTA FILLING STATION,Refinery
80868,HALEPOTA FILLING STATION,Port Qasim
80869,NEW MEHRAN FILLING STATION,Shikarpur
80869,NEW MEHRAN FILLING STATION,Dolatpur
80869,NEW MEHRAN FILLING STATION,Mehmoodkot
80870,FAHAD PETROLEUM SERVICE,Shikarpur
80870,FAHAD PETROLEUM SERVICE,Dolatpur
80870,FAHAD PETROLEUM SERVICE,Mehmoodkot
80872,HP FILLING STATION,Kemari
80872,HP FILLING STATION,Refinery
80872,HP FILLING STATION,Port Qasim
80873,A Abbasi Petroleum Services,Kemari
80873,A Abbasi Petroleum Services,Refinery
80873,A Abbasi Petroleum Services,Port Qasim
80874,Al Madina Fuels,Kemari
80874,Al Madina Fuels,Refinery
80874,Al Madina Fuels,Port Qasim
80875,QURESHI PETROLEUM SERVICE,Kemari
80875,QURESHI PETROLEUM SERVICE,Refinery
80875,QURESHI PETROLEUM SERVICE,Port Qasim
80879,Ali Fuels,Kemari
80879,Ali Fuels,Refinery
80879,Ali Fuels,Port Qasim
80880,Madina Tayyaba Filling Station,Kemari
80880,Madina Tayyaba Filling Station,Refinery
80880,Madina Tayyaba Filling Station,Port Qasim
80881,Al Habib Filling Station,Shikarpur
80881,Al Habib Filling Station,Dolatpur
80881,Al Habib Filling Station,Mehmoodkot
80884,Dadal Shah II Petroleum Services,Kemari
80884,Dadal Shah II Petroleum Services,Refinery
80884,Dadal Shah II Petroleum Services,Port Qasim
